SQL> SELECT *
  2  FROM AREA;

       CAR AR                                                                   
---------- ------------------------------------------------------------         
        CD                                                                      
----------                                                                      
         1 ALGEBRA                                                              
         4                                                                      
                                                                                
         2 ANALISIS MATEMATICO                                                  
         1                                                                      
                                                                                
         3 ASTRONOMIA Y ASTROFISICA                                             
         2                                                                      
                                                                                

       CAR AR                                                                   
---------- ------------------------------------------------------------         
        CD                                                                      
----------                                                                      
         4 CIENCIAS DE LA COMPUTACION E INTELIGENCIA ARTIFICIAL                 
         3                                                                      
                                                                                
         5 DIDACTICA DE LA MATEMATICA                                           
         1                                                                      
                                                                                
         6 ESTADISTICA E INVESTIGACION OPERATIVA                                
         3                                                                      
                                                                                

       CAR AR                                                                   
---------- ------------------------------------------------------------         
        CD                                                                      
----------                                                                      
         7 LENGUAJES Y SISTEMAS INFORMATICOS                                    
         3                                                                      
                                                                                
         8 MATEMATICA APLICADA                                                  
         1                                                                      
                                                                                

8 rows selected.

SQL> SELECT A
  2  FROM ASIGNATURA
  3  
SQL> SELECT A
  2  FROM ASIGNATURA
  3  WHERE CAR = (SELECT CAR FROM AREA WHERE AR = 'A%');

no rows selected

SQL> SELECT A
  2  FROM ASIGNATURA
  3  WHERE CAR = (SELECT CAR
  4  FROM AREA
  5  WHERE AR = 'A%');

no rows selected

SQL> SELECT CAR
  2  FROM AREA
  3  WHERE AR = 'A%';

no rows selected

SQL> WHERE AR = "A%";
SP2-0734: unknown command beginning "WHERE AR =..." - rest of line ignored.
SQL> SELECT CAR
  2  FROM AREA
  3  WHERE AR = "A%";
WHERE AR = "A%"
           *
ERROR at line 3:
ORA-00904: "A%": invalid identifier 


SQL> SELECT CAR
  2  FROM AREA
  3  WHERE AR = 'A%';

no rows selected

SQL> SELECT *
  2  FROM AREA;

       CAR AR                                                                   
---------- ------------------------------------------------------------         
        CD                                                                      
----------                                                                      
         1 ALGEBRA                                                              
         4                                                                      
                                                                                
         2 ANALISIS MATEMATICO                                                  
         1                                                                      
                                                                                
         3 ASTRONOMIA Y ASTROFISICA                                             
         2                                                                      
                                                                                

       CAR AR                                                                   
---------- ------------------------------------------------------------         
        CD                                                                      
----------                                                                      
         4 CIENCIAS DE LA COMPUTACION E INTELIGENCIA ARTIFICIAL                 
         3                                                                      
                                                                                
         5 DIDACTICA DE LA MATEMATICA                                           
         1                                                                      
                                                                                
         6 ESTADISTICA E INVESTIGACION OPERATIVA                                
         3                                                                      
                                                                                

       CAR AR                                                                   
---------- ------------------------------------------------------------         
        CD                                                                      
----------                                                                      
         7 LENGUAJES Y SISTEMAS INFORMATICOS                                    
         3                                                                      
                                                                                
         8 MATEMATICA APLICADA                                                  
         1                                                                      
                                                                                

8 rows selected.

SQL> SELECT CAR
  2  FROM AREA
  3  WHERE (AR = 'A%');

no rows selected

SQL> SELECT A
  2  FROM ASIGNATURA
  3  WHERE CAR = (SELECT CAR FROM AREA WHERE AR LIKE 'A%');
WHERE CAR = (SELECT CAR FROM AREA WHERE AR LIKE 'A%')
             *
ERROR at line 3:
ORA-01427: single-row subquery returns more than one row 


SQL> SELECT A
  2  FROM ASIGNATURA
  3  WHERE CAR = (SELECT CAR
  4  FROM AREA
  5  WHERE AR LIKE 'A%');
WHERE CAR = (SELECT CAR
             *
ERROR at line 3:
ORA-01427: single-row subquery returns more than one row 


SQL> SELECT A
  2  FROM NATURAL JOIN ASIGNATURA (SELECT CAR FROM AREA WHERE AR LIKE 'A%');
FROM NATURAL JOIN ASIGNATURA (SELECT CAR FROM AREA WHERE AR LIKE 'A%')
                              *
ERROR at line 2:
ORA-00936: missing expression 


SQL> SELECT A
  2  FROM ASIGNATURA
  3  NATURAL JOIN (SELECT CAR FROM AREA WHERE AR LIKE 'A%');

A                                                                               
--------------------------------------------------                              
ALGEBRA                                                                         
ANALISIS COMPLEJO                                                               
ASTRONOMIA                                                                      

SQL> SELECT *
  2  FROM ASIGNATURA;

       CAS A                                                  T           CUR   
---------- -------------------------------------------------- ---- ----------   
       CAR         CT         CP         CL                                     
---------- ---------- ---------- ----------                                     
         1 BASES DE DATOS                                     GII           3   
         7          3        1.5        1.5                                     
                                                                                
         2 INTELIGENCIA ARTIFICIAL                            GII           3   
         4        1.5        1.5          3                                     
                                                                                
         3 ALMACENES DE DATOS                                 MII           1   
         7        1.5          0        1.5                                     
                                                                                

       CAS A                                                  T           CUR   
---------- -------------------------------------------------- ---- ----------   
       CAR         CT         CP         CL                                     
---------- ---------- ---------- ----------                                     
         4 MINERIA DE DATOS                                   MII           1   
         7        1.5          0        1.5                                     
                                                                                
         5 INFORMATICA BASICA                                 GII           1   
         7          3        1.5        1.5                                     
                                                                                
         6 ALGEBRA                                            GII           1   
         1          3          3          0                                     
                                                                                

       CAS A                                                  T           CUR   
---------- -------------------------------------------------- ---- ----------   
       CAR         CT         CP         CL                                     
---------- ---------- ---------- ----------                                     
         7 CALCULO                                            GII           1   
         8          3          3          0                                     
                                                                                
         8 OPTIMIZACION                                       GII           1   
         6          3        1.5        1.5                                     
                                                                                
         9 GESTION DE RIESGOS                                 GII           3   
         4          3          0          3                                     
                                                                                

       CAS A                                                  T           CUR   
---------- -------------------------------------------------- ---- ----------   
       CAR         CT         CP         CL                                     
---------- ---------- ---------- ----------                                     
        10 ASTRONOMIA                                         GF            2   
         3          3        1.5        1.5                                     
                                                                                
        11 ENSENANZA DE LA MATEMATICA                         GM            2   
         5          6          0          0                                     
                                                                                
        12 ANALISIS COMPLEJO                                  GM            4   
         2        4.5          3          0                                     
                                                                                

12 rows selected.

SQL> SELECT *
  2  FROM AREA;

       CAR AR                                                                   
---------- ------------------------------------------------------------         
        CD                                                                      
----------                                                                      
         1 ALGEBRA                                                              
         4                                                                      
                                                                                
         2 ANALISIS MATEMATICO                                                  
         1                                                                      
                                                                                
         3 ASTRONOMIA Y ASTROFISICA                                             
         2                                                                      
                                                                                

       CAR AR                                                                   
---------- ------------------------------------------------------------         
        CD                                                                      
----------                                                                      
         4 CIENCIAS DE LA COMPUTACION E INTELIGENCIA ARTIFICIAL                 
         3                                                                      
                                                                                
         5 DIDACTICA DE LA MATEMATICA                                           
         1                                                                      
                                                                                
         6 ESTADISTICA E INVESTIGACION OPERATIVA                                
         3                                                                      
                                                                                

       CAR AR                                                                   
---------- ------------------------------------------------------------         
        CD                                                                      
----------                                                                      
         7 LENGUAJES Y SISTEMAS INFORMATICOS                                    
         3                                                                      
                                                                                
         8 MATEMATICA APLICADA                                                  
         1                                                                      
                                                                                

8 rows selected.

SQL> SELECT A
  2  FROM ASIGNATURA;

A                                                                               
--------------------------------------------------                              
BASES DE DATOS                                                                  
INTELIGENCIA ARTIFICIAL                                                         
ALMACENES DE DATOS                                                              
MINERIA DE DATOS                                                                
INFORMATICA BASICA                                                              
ALGEBRA                                                                         
CALCULO                                                                         
OPTIMIZACION                                                                    
GESTION DE RIESGOS                                                              
ASTRONOMIA                                                                      
ENSENANZA DE LA MATEMATICA                                                      

A                                                                               
--------------------------------------------------                              
ANALISIS COMPLEJO                                                               

12 rows selected.

SQL> SELECT A
  2  FROM ASIGNATURA
  3  NATURAL JOIN (SELECT CAR FROM AREA WHERE AR LIKE '%A');

A                                                                               
--------------------------------------------------                              
ALGEBRA                                                                         
ASTRONOMIA                                                                      
ENSENANZA DE LA MATEMATICA                                                      
OPTIMIZACION                                                                    
CALCULO                                                                         

SQL> SELECT A
  2  FROM ASIGNATURA
  3  WHERE A LIKE '%DATOS%';

A                                                                               
--------------------------------------------------                              
BASES DE DATOS                                                                  
ALMACENES DE DATOS                                                              
MINERIA DE DATOS                                                                

SQL> COMMIT WORK;

Commit complete.

SQL> SPOOL OFF
